https://www.elance.com/s/jf.denault/10178/,https://www.elance.com/s/innovatusdigital/10178/,1
https://www.elance.com/s/hunnykaushal1990/10178/,https://www.elance.com/s/hustonholdings/10178/,1
https://www.elance.com/s/taralikalita/10178/,https://www.elance.com/s/fsconsulting/10178/,1
https://www.elance.com/s/pkton/10178/,https://www.elance.com/s/maribel-naling/10178/,1
https://www.elance.com/s/blissitsolutions/10178/,https://www.elance.com/s/ramanseo/10178/,1
https://www.elance.com/s/indiaadmin/10178/,https://www.elance.com/s/franjino/10178/,1
https://www.elance.com/s/indiaadmin/10178/,https://www.elance.com/s/mtupesa/10178/,1
https://www.elance.com/s/indiaadmin/10178/,https://www.elance.com/s/abilepro/10178/,1
https://www.elance.com/s/seomedialabs/10178/,https://www.elance.com/s/damanmalhi/10178/,1
https://www.elance.com/s/seomedialabs/10178/,https://www.elance.com/s/sachinr0123/10178/,1
https://www.elance.com/s/seomedialabs/10178/,https://www.elance.com/s/mkt400/10178/,1
https://www.elance.com/s/asl-itsecurity/10178/,https://www.elance.com/s/magnifythemarket/10178/,1
https://www.elance.com/s/webmarketingbooster/10178/,https://www.elance.com/s/akhilchandra/10178/,1
https://www.elance.com/s/webmarketingbooster/10178/,https://www.elance.com/s/appfillip/10178/,3
https://www.elance.com/s/webmarketingbooster/10178/,https://www.elance.com/s/carlos-arturo/10178/,1
https://www.elance.com/s/webmarketingbooster/10178/,https://www.elance.com/s/app_shine_marketing/10178/,1
https://www.elance.com/s/empala/10178/,https://www.elance.com/s/bringtolights/10178/,1
https://www.elance.com/s/deepika_73/10178/,https://www.elance.com/s/bappa99/10178/,1
https://www.elance.com/s/deepika_73/10178/,https://www.elance.com/s/mizan147/10178/,1
https://www.elance.com/s/deepika_73/10178/,https://www.elance.com/s/dileepsinghdeepa/10178/,1
https://www.elance.com/s/krishna87/10178/,https://www.elance.com/s/netsolution/10178/,1
https://www.elance.com/s/geekydeveloper/10178/,https://www.elance.com/s/estuaryfe/10178/,1
https://www.elance.com/s/geekydeveloper/10178/,https://www.elance.com/s/tanvirhmd109/10178/,1
https://www.elance.com/s/geekydeveloper/10178/,https://www.elance.com/s/mgrguric/10178/,1
https://www.elance.com/s/gobinda_roy/10178/,https://www.elance.com/s/wbdr/10178/,1
https://www.elance.com/s/mohtasham/10178/,https://www.elance.com/s/is-websmiths/10178/,1
https://www.elance.com/s/mohtasham/10178/,https://www.elance.com/s/asmantech/10178/,1
https://www.elance.com/s/damanmalhi/10178/,https://www.elance.com/s/sachinr0123/10178/,1
https://www.elance.com/s/kindlebit/10178/,https://www.elance.com/s/is-websmiths/10178/,1
https://www.elance.com/s/kindlebit/10178/,https://www.elance.com/s/fawaadsaleem/10178/,1
https://www.elance.com/s/kindlebit/10178/,https://www.elance.com/s/vijendra123/10178/,1
https://www.elance.com/s/xhubho/10178/,https://www.elance.com/s/msankar393/10178/,1
https://www.elance.com/s/xhubho/10178/,https://www.elance.com/s/daleike/10178/,1
https://www.elance.com/s/snaptechindia/10178/,https://www.elance.com/s/advertisemint/10178/,1
https://www.elance.com/s/lamf/10178/,https://www.elance.com/s/bellinacb/10178/,1
https://www.elance.com/s/lamf/10178/,https://www.elance.com/s/charles-man/10178/,1
https://www.elance.com/s/estuaryfe/10178/,https://www.elance.com/s/tanvirhmd109/10178/,1
https://www.elance.com/s/estuaryfe/10178/,https://www.elance.com/s/mgrguric/10178/,1
https://www.elance.com/s/gurpiyar1/10178/,https://www.elance.com/s/hiteshwadhwa/10178/,1
https://www.elance.com/s/sk_network/10178/,https://www.elance.com/s/ariyaaan143/10178/,1
https://www.elance.com/s/franjino/10178/,https://www.elance.com/s/tangila3801/10178/,1
https://www.elance.com/s/franjino/10178/,https://www.elance.com/s/tanvir_s/10178/,1
https://www.elance.com/s/tracybush77/10178/,https://www.elance.com/s/ksnbbc/10178/,1
https://www.elance.com/s/tracybush77/10178/,https://www.elance.com/s/wbdr/10178/,1
https://www.elance.com/s/tracybush77/10178/,https://www.elance.com/s/makemillions/10178/,1
https://www.elance.com/s/cnavy/10178/,https://www.elance.com/s/engineer_bhuvana/10178/,1
https://www.elance.com/s/advertisemint/10178/,https://www.elance.com/s/shormi555/10178/,1
https://www.elance.com/s/advertisemint/10178/,https://www.elance.com/s/crvenk/10178/,1
https://www.elance.com/s/advertisemint/10178/,https://www.elance.com/s/feroz_hasan-rana/10178/,1
https://www.elance.com/s/flexsin/10178/,https://www.elance.com/s/flexsin_team10/10178/,13
https://www.elance.com/s/flexsin/10178/,https://www.elance.com/s/flexsin_team6/10178/,14
https://www.elance.com/s/flexsin/10178/,https://www.elance.com/s/flexsin_team3/10178/,13
https://www.elance.com/s/shormi555/10178/,https://www.elance.com/s/crvenk/10178/,1
https://www.elance.com/s/shormi555/10178/,https://www.elance.com/s/feroz_hasan-rana/10178/,1
https://www.elance.com/s/akshatgoel/10178/,https://www.elance.com/s/appplanet/10178/,1
https://www.elance.com/s/flexsin_team10/10178/,https://www.elance.com/s/flexsin_team6/10178/,13
https://www.elance.com/s/flexsin_team10/10178/,https://www.elance.com/s/flexsin_team3/10178/,13
https://www.elance.com/s/flexsin_team6/10178/,https://www.elance.com/s/flexsin_team3/10178/,15
https://www.elance.com/s/tangila3801/10178/,https://www.elance.com/s/bdayeshabd/10178/,1
https://www.elance.com/s/tangila3801/10178/,https://www.elance.com/s/tanvir_s/10178/,1
https://www.elance.com/s/is-websmiths/10178/,https://www.elance.com/s/fawaadsaleem/10178/,1
https://www.elance.com/s/is-websmiths/10178/,https://www.elance.com/s/vijendra123/10178/,1
https://www.elance.com/s/kumarbirendra64/10178/,https://www.elance.com/s/jackindia/10178/,1
https://www.elance.com/s/positivesource/10178/,https://www.elance.com/s/itanshir/10178/,1
https://www.elance.com/s/torikul/10178/,https://www.elance.com/s/shahnetwork/10178/,1
https://www.elance.com/s/martavekez/10178/,https://www.elance.com/s/urbanosaurus/10178/,1
https://www.elance.com/s/vikman2526/10178/,https://www.elance.com/s/saarthimarketing/10178/,1
https://www.elance.com/s/vikman2526/10178/,https://www.elance.com/s/hiteshwadhwa/10178/,1
https://www.elance.com/s/infrawebsoft/10178/,https://www.elance.com/s/hiteshwadhwa/10178/,1
https://www.elance.com/s/infrawebsoft/10178/,https://www.elance.com/s/seema_iws/10178/,7
https://www.elance.com/s/sharifd/10178/,https://www.elance.com/s/mtupesa/10178/,1
https://www.elance.com/s/mtupesa/10178/,https://www.elance.com/s/georgime/10178/,1
https://www.elance.com/s/bappa99/10178/,https://www.elance.com/s/mizan147/10178/,1
https://www.elance.com/s/bappa99/10178/,https://www.elance.com/s/dileepsinghdeepa/10178/,1
https://www.elance.com/s/tanvirhmd109/10178/,https://www.elance.com/s/mgrguric/10178/,1
https://www.elance.com/s/ksnbbc/10178/,https://www.elance.com/s/wbdr/10178/,1
https://www.elance.com/s/ksnbbc/10178/,https://www.elance.com/s/makemillions/10178/,1
https://www.elance.com/s/akhilchandra/10178/,https://www.elance.com/s/carlos-arturo/10178/,1
https://www.elance.com/s/akhilchandra/10178/,https://www.elance.com/s/appsposure/10178/,1
https://www.elance.com/s/wbdr/10178/,https://www.elance.com/s/makemillions/10178/,1
https://www.elance.com/s/crvenk/10178/,https://www.elance.com/s/feroz_hasan-rana/10178/,1
https://www.elance.com/s/jbaumann/10178/,https://www.elance.com/s/charles-man/10178/,1
https://www.elance.com/s/bellinacb/10178/,https://www.elance.com/s/taohai/10178/,1
https://www.elance.com/s/msankar393/10178/,https://www.elance.com/s/daleike/10178/,1
https://www.elance.com/s/alamtaohid/10178/,https://www.elance.com/s/abdulalmamun/10178/,1
https://www.elance.com/s/fawaadsaleem/10178/,https://www.elance.com/s/vijendra123/10178/,1
https://www.elance.com/s/suvikshasolutions/10178/,https://www.elance.com/s/mohitppcchamp/10178/,1
https://www.elance.com/s/ashraful118858/10178/,https://www.elance.com/s/smmkings/10178/,1
https://www.elance.com/s/mizan147/10178/,https://www.elance.com/s/dileepsinghdeepa/10178/,1
