https://www.elance.com/s/jf.denault/10178/,23
https://www.elance.com/s/hunnykaushal1990/10178/,23
https://www.elance.com/s/delwar444/10178/,23
https://www.elance.com/s/seo-ppcspecialist/10178/,23
https://www.elance.com/s/taralikalita/10178/,22
https://www.elance.com/s/pkton/10178/,22
https://www.elance.com/s/wysiwysocki/10178/,22
https://www.elance.com/s/blissitsolutions/10178/,22
https://www.elance.com/s/indiaadmin/10178/,21
https://www.elance.com/s/seomedialabs/10178/,21
https://www.elance.com/s/asl-itsecurity/10178/,21
https://www.elance.com/s/webmarketingbooster/10178/,21
https://www.elance.com/s/raykers/10178/,21
https://www.elance.com/s/kelsyrezansoff/10178/,21
https://www.elance.com/s/empala/10178/,21
https://www.elance.com/s/gmumm09/10178/,21
https://www.elance.com/s/deepika_73/10178/,21
https://www.elance.com/s/marketingadventure/10178/,21
https://www.elance.com/s/newmaker/10178/,21
https://www.elance.com/s/fsconsulting/10178/,20
https://www.elance.com/s/bsdas/10178/,20
https://www.elance.com/s/krishna87/10178/,20
https://www.elance.com/s/ramanseo/10178/,20
https://www.elance.com/s/fredferry/10178/,20
https://www.elance.com/s/baldassarregroup/10178/,20
https://www.elance.com/s/lucy1rozario/10178/,20
https://www.elance.com/s/parvez_islam/10178/,20
https://www.elance.com/s/geekydeveloper/10178/,20
https://www.elance.com/s/magdadorota1919/10178/,20
https://www.elance.com/s/mdeebrahim/10178/,20
https://www.elance.com/s/lubayli/10178/,20
https://www.elance.com/s/gobinda_roy/10178/,19
https://www.elance.com/s/mohtasham/10178/,19
https://www.elance.com/s/damanmalhi/10178/,19
https://www.elance.com/s/technoworld/10178/,19
https://www.elance.com/s/kindlebit/10178/,19
https://www.elance.com/s/keencoders/10178/,19
https://www.elance.com/s/pradip11/10178/,19
https://www.elance.com/s/caseywt99/10178/,19
https://www.elance.com/s/ashland4/10178/,19
https://www.elance.com/s/apu00/10178/,19
https://www.elance.com/s/evolution-soft/10178/,19
https://www.elance.com/s/philosyfi/10178/,19
https://www.elance.com/s/marketing_ricom/10178/,19
https://www.elance.com/s/gprinfotechindia/10178/,19
https://www.elance.com/s/redspark/10178/,19
https://www.elance.com/s/xhubho/10178/,19
https://www.elance.com/s/masakee/10178/,18
https://www.elance.com/s/workprofessor/10178/,18
https://www.elance.com/s/adwords_sage/10178/,18
https://www.elance.com/s/iqbalshuvo/10178/,18
https://www.elance.com/s/snaptechindia/10178/,18
https://www.elance.com/s/sterlingbss/10178/,18
https://www.elance.com/s/lamf/10178/,18
https://www.elance.com/s/vivek_singh_delhi/10178/,18
https://www.elance.com/s/innovatusdigital/10178/,18
https://www.elance.com/s/2innovate/10178/,18
https://www.elance.com/s/chasewill/10178/,18
https://www.elance.com/s/estuaryfe/10178/,18
https://www.elance.com/s/siddj007/10178/,18
https://www.elance.com/s/t3am/10178/,18
https://www.elance.com/s/gurpiyar1/10178/,18
https://www.elance.com/s/sk_network/10178/,17
https://www.elance.com/s/wisitech/10178/,17
https://www.elance.com/s/franjino/10178/,17
https://www.elance.com/s/stephensteinberg88/10178/,17
https://www.elance.com/s/hirra/10178/,17
https://www.elance.com/s/maddy1991m/10178/,17
https://www.elance.com/s/tracybush77/10178/,17
https://www.elance.com/s/cnavy/10178/,17
https://www.elance.com/s/advertisemint/10178/,17
https://www.elance.com/s/flexsin/10178/,17
https://www.elance.com/s/adroitors/10178/,17
https://www.elance.com/s/thefauxguy/10178/,17
https://www.elance.com/s/shormi555/10178/,17
https://www.elance.com/s/sagatarian2013/10178/,17
https://www.elance.com/s/muktariumgt/10178/,17
https://www.elance.com/s/cliktree/10178/,17
https://www.elance.com/s/morium789/10178/,17
https://www.elance.com/s/akshatgoel/10178/,16
https://www.elance.com/s/writeink/10178/,16
https://www.elance.com/s/kirillstorch/10178/,16
https://www.elance.com/s/dream-house/10178/,16
https://www.elance.com/s/thomas-anderson/10178/,16
https://www.elance.com/s/jsonshine/10178/,16
https://www.elance.com/s/priyajain2411/10178/,16
https://www.elance.com/s/srinisrk83/10178/,16
https://www.elance.com/s/nusrat14/10178/,16
https://www.elance.com/s/abbieluo/10178/,16
https://www.elance.com/s/prakashchalikandi/10178/,16
https://www.elance.com/s/flexsin_team10/10178/,16
https://www.elance.com/s/flexsin_team6/10178/,16
https://www.elance.com/s/zacmacnojia/10178/,16
https://www.elance.com/s/tangila3801/10178/,16
https://www.elance.com/s/tandemsolutions/10178/,16
https://www.elance.com/s/is-websmiths/10178/,15
https://www.elance.com/s/maribel-naling/10178/,15
https://www.elance.com/s/appplanet/10178/,15
https://www.elance.com/s/kumarbirendra64/10178/,15
https://www.elance.com/s/teenatouchpr/10178/,15
https://www.elance.com/s/deadringer/10178/,15
https://www.elance.com/s/fastservicehouse/10178/,15
https://www.elance.com/s/positivesource/10178/,15
https://www.elance.com/s/rupertclementrodney/10178/,15
https://www.elance.com/s/cbernardo12314/10178/,15
https://www.elance.com/s/virtualbrix/10178/,15
https://www.elance.com/s/torikul/10178/,15
https://www.elance.com/s/vidatech/10178/,15
https://www.elance.com/s/flexsin_team3/10178/,15
https://www.elance.com/s/martavekez/10178/,15
https://www.elance.com/s/vikman2526/10178/,15
https://www.elance.com/s/infrawebsoft/10178/,14
https://www.elance.com/s/engineer_bhuvana/10178/,14
https://www.elance.com/s/samidzki/10178/,14
https://www.elance.com/s/tjm1/10178/,14
https://www.elance.com/s/xu08vivian/10178/,14
https://www.elance.com/s/explorework/10178/,14
https://www.elance.com/s/sharifd/10178/,14
https://www.elance.com/s/bearlymarketing/10178/,13
https://www.elance.com/s/sunil_karmaker/10178/,13
https://www.elance.com/s/seomitr/10178/,13
https://www.elance.com/s/mtupesa/10178/,13
https://www.elance.com/s/bappa99/10178/,13
https://www.elance.com/s/ben7700/10178/,13
https://www.elance.com/s/hustonholdings/10178/,13
https://www.elance.com/s/razvanmarianjr/10178/,13
https://www.elance.com/s/abilepro/10178/,13
https://www.elance.com/s/expertmarketingbd/10178/,13
https://www.elance.com/s/acdigitaldesign/10178/,13
https://www.elance.com/s/nargisjahanrube/10178/,12
https://www.elance.com/s/mrgood5rovic/10178/,12
https://www.elance.com/s/jackindia/10178/,12
https://www.elance.com/s/effectivecopy/10178/,12
https://www.elance.com/s/emmaahere/10178/,12
https://www.elance.com/s/sopeachyconsulting/10178/,12
https://www.elance.com/s/kklservices/10178/,12
https://www.elance.com/s/tanvirhmd109/10178/,12
https://www.elance.com/s/ksnbbc/10178/,12
https://www.elance.com/s/amazonseoexpert/10178/,12
https://www.elance.com/s/rafiqcse/10178/,12
https://www.elance.com/s/saarthimarketing/10178/,12
https://www.elance.com/s/spotcodes/10178/,12
https://www.elance.com/s/akhilchandra/10178/,12
https://www.elance.com/s/hiteshwadhwa/10178/,12
https://www.elance.com/s/gstechservices/10178/,12
https://www.elance.com/s/urbanosaurus/10178/,11
https://www.elance.com/s/wbdr/10178/,11
https://www.elance.com/s/seoexpert1982/10178/,11
https://www.elance.com/s/rieni/10178/,11
https://www.elance.com/s/sachinr0123/10178/,11
https://www.elance.com/s/crvenk/10178/,11
https://www.elance.com/s/jbaumann/10178/,11
https://www.elance.com/s/adgonline/10178/,11
https://www.elance.com/s/socialchamps/10178/,11
https://www.elance.com/s/saka_zitu/10178/,10
https://www.elance.com/s/mgrguric/10178/,10
https://www.elance.com/s/seosurgeon/10178/,10
https://www.elance.com/s/omthakur01/10178/,10
https://www.elance.com/s/makemillions/10178/,10
https://www.elance.com/s/chrisfrazier/10178/,10
https://www.elance.com/s/edyang/10178/,10
https://www.elance.com/s/seoexpertsalman/10178/,10
https://www.elance.com/s/bokul124/10178/,9
https://www.elance.com/s/bellinacb/10178/,9
https://www.elance.com/s/mkt400/10178/,9
https://www.elance.com/s/janedelatorre/10178/,9
https://www.elance.com/s/firestorminc/10178/,9
https://www.elance.com/s/ibro87/10178/,9
https://www.elance.com/s/msankar393/10178/,9
https://www.elance.com/s/jahidajui/10178/,9
https://www.elance.com/s/comboapp/10178/,9
https://www.elance.com/s/promodo/10178/,9
https://www.elance.com/s/saritarao/10178/,9
https://www.elance.com/s/bengrayhill/10178/,9
https://www.elance.com/s/rothmanppc/10178/,9
https://www.elance.com/s/eglobalmarketing/10178/,9
https://www.elance.com/s/purkanze/10178/,8
https://www.elance.com/s/peterdavid1/10178/,8
https://www.elance.com/s/kat55/10178/,8
https://www.elance.com/s/itanshir/10178/,8
https://www.elance.com/s/brandignity/10178/,8
https://www.elance.com/s/kalasapkota/10178/,8
https://www.elance.com/s/alamtaohid/10178/,8
https://www.elance.com/s/noahmichaels/10178/,8
https://www.elance.com/s/dkwholesales/10178/,8
https://www.elance.com/s/fawaadsaleem/10178/,8
https://www.elance.com/s/bdayeshabd/10178/,7
https://www.elance.com/s/ctctsupport/10178/,7
https://www.elance.com/s/netsolution/10178/,7
https://www.elance.com/s/georgime/10178/,7
https://www.elance.com/s/zakia_sultana/10178/,7
https://www.elance.com/s/bestqualitybd/10178/,7
https://www.elance.com/s/ginger84/10178/,7
https://www.elance.com/s/mishuldas/10178/,7
https://www.elance.com/s/garabello/10178/,7
https://www.elance.com/s/seema_iws/10178/,7
https://www.elance.com/s/thomasjoiner/10178/,7
https://www.elance.com/s/rahulkhanna84/10178/,7
https://www.elance.com/s/goldcat88/10178/,7
https://www.elance.com/s/dkieve/10178/,7
https://www.elance.com/s/igrowyourbiz/10178/,7
https://www.elance.com/s/markbert/10178/,6
https://www.elance.com/s/phoenix01/10178/,6
https://www.elance.com/s/charles-man/10178/,6
https://www.elance.com/s/hitesh-digitalmktg/10178/,6
https://www.elance.com/s/samiullahgujjer/10178/,6
https://www.elance.com/s/irfanacma2520/10178/,6
https://www.elance.com/s/josieescol/10178/,6
https://www.elance.com/s/asgurna/10178/,6
https://www.elance.com/s/panday_2014/10178/,6
https://www.elance.com/s/pdhailas/10178/,6
https://www.elance.com/s/taohai/10178/,5
https://www.elance.com/s/semsolutions1/10178/,5
https://www.elance.com/s/eswar539/10178/,5
https://www.elance.com/s/lisacj/10178/,5
https://www.elance.com/s/asthaojha9/10178/,5
https://www.elance.com/s/shahnetwork/10178/,5
https://www.elance.com/s/brichardson0331/10178/,5
https://www.elance.com/s/kimerait/10178/,5
https://www.elance.com/s/suvikshasolutions/10178/,5
https://www.elance.com/s/abdulalmamun/10178/,5
https://www.elance.com/s/smmpro/10178/,5
https://www.elance.com/s/umar_jamil/10178/,5
https://www.elance.com/s/imtiazahmadkhan/10178/,4
https://www.elance.com/s/ashraful118858/10178/,4
https://www.elance.com/s/rheneyah/10178/,4
https://www.elance.com/s/amitsharmacs6/10178/,4
https://www.elance.com/s/mohitppcchamp/10178/,4
https://www.elance.com/s/rajkumar88/10178/,4
https://www.elance.com/s/abcmediasolutions/10178/,4
https://www.elance.com/s/ritayvc/10178/,4
https://www.elance.com/s/mhriad/10178/,4
https://www.elance.com/s/cr3ativespace/10178/,4
https://www.elance.com/s/abduljobbar222/10178/,4
https://www.elance.com/s/denisoakley/10178/,4
https://www.elance.com/s/jillalexandra14/10178/,4
https://www.elance.com/s/jeffwgreen/10178/,3
https://www.elance.com/s/appfillip/10178/,3
https://www.elance.com/s/mizan147/10178/,3
https://www.elance.com/s/mouadk/10178/,3
https://www.elance.com/s/hagop_hagopian/10178/,3
https://www.elance.com/s/xovra4ok/10178/,3
https://www.elance.com/s/ariyaaan143/10178/,3
https://www.elance.com/s/vijendra123/10178/,3
https://www.elance.com/s/daleike/10178/,3
https://www.elance.com/s/w_mac/10178/,3
https://www.elance.com/s/fullscalemedia/10178/,3
https://www.elance.com/s/convincedweb/10178/,3
https://www.elance.com/s/knownpost/10178/,3
https://www.elance.com/s/promotermotor/10178/,3
https://www.elance.com/s/powerof3/10178/,3
https://www.elance.com/s/nurturinno/10178/,3
https://www.elance.com/s/comms21/10178/,3
https://www.elance.com/s/dileepsinghdeepa/10178/,3
https://www.elance.com/s/sudarshanmuli/10178/,3
https://www.elance.com/s/krishan29/10178/,3
https://www.elance.com/s/bringtolights/10178/,3
https://www.elance.com/s/ahsan-debika/10178/,2
https://www.elance.com/s/mon2_rana/10178/,2
https://www.elance.com/s/isabellepain/10178/,2
https://www.elance.com/s/smmkings/10178/,2
https://www.elance.com/s/aleksbeilyk/10178/,2
https://www.elance.com/s/feroz_hasan-rana/10178/,2
https://www.elance.com/s/carlos-arturo/10178/,2
https://www.elance.com/s/coreyyoung/10178/,2
https://www.elance.com/s/asmantech/10178/,2
https://www.elance.com/s/clairemorgan/10178/,2
https://www.elance.com/s/app_shine_marketing/10178/,2
https://www.elance.com/s/magnifythemarket/10178/,2
https://www.elance.com/s/hammadsaleem/10178/,2
https://www.elance.com/s/hrjoy29/10178/,2
https://www.elance.com/s/auldconsulting/10178/,2
https://www.elance.com/s/nikkicruz/10178/,2
https://www.elance.com/s/agursoy/10178/,2
https://www.elance.com/s/techborn/10178/,2
https://www.elance.com/s/betymix/10178/,2
https://www.elance.com/s/seoguns/10178/,2
https://www.elance.com/s/sallyfordsocial/10178/,2
https://www.elance.com/s/j_mizza/10178/,2
https://www.elance.com/s/madhvisood2525/10178/,2
https://www.elance.com/s/lobbymen/10178/,2
https://www.elance.com/s/jackline/10178/,2
https://www.elance.com/s/krichet/10178/,2
https://www.elance.com/s/adamrails/10178/,1
https://www.elance.com/s/divyansh_mishra/10178/,1
https://www.elance.com/s/jkrakenbuerger/10178/,1
https://www.elance.com/s/sandeshdeshkar/10178/,1
https://www.elance.com/s/farhher/10178/,1
https://www.elance.com/s/sharif_islam/10178/,1
https://www.elance.com/s/hayataki/10178/,1
https://www.elance.com/s/stonekamai/10178/,1
https://www.elance.com/s/amanhk123/10178/,1
https://www.elance.com/s/prajitchakraborty88/10178/,1
https://www.elance.com/s/perryentertainment/10178/,1
https://www.elance.com/s/earnest_77/10178/,1
https://www.elance.com/s/briansmithy/10178/,1
https://www.elance.com/s/aimee_m/10178/,1
https://www.elance.com/s/digit1/10178/,1
https://www.elance.com/s/munish_piplani/10178/,1
https://www.elance.com/s/muahmedel/10178/,1
https://www.elance.com/s/holylovely0129/10178/,1
https://www.elance.com/s/shaneen/10178/,1
https://www.elance.com/s/antonyrvincent/10178/,1
https://www.elance.com/s/icloudservices/10178/,1
https://www.elance.com/s/appsposure/10178/,1
https://www.elance.com/s/palsarkerz/10178/,1
https://www.elance.com/s/cmillstein1/10178/,1
https://www.elance.com/s/marinadumanyan/10178/,1
https://www.elance.com/s/davidconsulting/10178/,1
https://www.elance.com/s/fagun33/10178/,1
https://www.elance.com/s/sumicpcads/10178/,1
https://www.elance.com/s/shilpa_s2010/10178/,1
https://www.elance.com/s/tanvir_s/10178/,1
https://www.elance.com/s/jane_wang/10178/,1
https://www.elance.com/s/nubiamarketing/10178/,1
https://www.elance.com/s/expertboy2013/10178/,1
https://www.elance.com/s/boucherco/10178/,1
https://www.elance.com/s/krutiaso/10178/,1
https://www.elance.com/s/alanholmes1/10178/,1
https://www.elance.com/s/rabbiter/10178/,1
https://www.elance.com/s/asimfarooq123/10178/,1
